{"cameraMode":{"drawMode":0,"name":"Shaded","section":"Shading Mode"},"sceneLighting":true,"audioPlay":false,"sceneViewState":{"showFog":true,"showMaterialUpdate":true,"showSkybox":false,"showFlares":true,"showImageEffects":true,"showParticleSystems":true},"in2DMode":false,"pivot":{"x":527.2354736328125,"y":727.0595703125,"z":-653.2705078125},"rotation":{"x":0.2335522472858429,"y":-0.2593368887901306,"z":0.06478764116764069,"w":0.9348798394203186},"size":4080.55029296875,"orthographic":false}